movieId,title,genres
1,Toy Story,Adventure|Animation|Children|Comedy|Fantasy
2,Jumanji,Adventure|Children|Fantasy
3,Grumpier Old Men,Comedy|Romance
5,Father of the Bride Part II,Comedy
6,Heat,Action|Crime|Thriller
7,Sabrina,Comedy|Romance
10,GoldenEye,Action|Adventure|Thriller
11,The American President,Comedy|Drama|Romance
16,Casino,Crime|Drama
17,Sense and Sensibility,Drama|Romance
18,Four Rooms,Comedy
19,Ace Ventura: When Nature Calls,Comedy
21,Get Shorty,Comedy|Crime|Thriller
22,Copycat,Crime|Drama|Horror|Mystery|Thriller
24,Powder,Drama|Sci-Fi
25,Leaving Las Vegas,Drama|Romance
29,"City of Lost Children, The (Cité des enfants perdus, La)",Adventure|Drama|Fantasy|Mystery|Sci-Fi
31,Dangerous Minds,Drama
32,Twelve Monkeys (a.k.a. 12 Monkeys),Mystery|Sci-Fi|Thriller
34,Babe,Children|Drama
36,Dead Man Walking,Crime|Drama
39,Clueless,Comedy|Romance
44,Mortal Kombat,Action|Adventure|Fantasy
45,To Die For,Comedy|Drama|Thriller
47,Seven (a.k.a. Se7en),Mystery|Thriller
48,Pocahontas,Animation|Children|Drama|Musical|Romance
50,The Usual Suspects,Crime|Mystery|Thriller
52,Mighty Aphrodite,Comedy|Drama|Romance
58,"Postman, The (Postino, Il)",Comedy|Drama|Romance
60,The Indian in the Cupboard,Adventure|Children|Fantasy
62,Mr. Holland's Opus,Drama
65,Bio-Dome,Comedy
69,Friday,Comedy
70,From Dusk Till Dawn,Action|Comedy|Horror|Thriller
95,Broken Arrow,Action|Adventure|Thriller
101,Bottle Rocket,Adventure|Comedy|Crime|Romance
104,Happy Gilmore,Comedy
105,The Bridges of Madison County,Drama|Romance
107,Muppet Treasure Island,Adventure|Children|Comedy|Musical
110,Braveheart,Action|Drama|War
111,Taxi Driver,Crime|Drama|Thriller
112,Rumble in the Bronx (Hont faan kui),Action|Adventure|Comedy|Crime
135,Down Periscope,Comedy
141,The Birdcage,Comedy
145,Bad Boys,Action|Comedy|Crime|Drama|Thriller
150,Apollo 13,Adventure|Drama|IMAX
151,Rob Roy,Action|Drama|Romance|War
153,Batman Forever,Action|Adventure|Comedy|Crime
158,Casper,Adventure|Children
160,Congo,Action|Adventure|Mystery|Sci-Fi
161,Crimson Tide,Drama|Thriller|War
163,Desperado,Action|Romance|Western
165,Die Hard: With a Vengeance,Action|Crime|Thriller
168,First Knight,Action|Drama|Romance
170,Hackers,Action|Adventure|Crime|Thriller
172,Johnny Mnemonic,Action|Sci-Fi|Thriller
173,Judge Dredd,Action|Crime|Sci-Fi
175,Kids,Drama
180,Mallrats,Comedy|Romance
185,The Net,Action|Crime|Thriller
186,Nine Months,Comedy|Romance
193,Showgirls,Drama
196,Species,Horror|Sci-Fi
198,Strange Days,Action|Crime|Drama|Mystery|Sci-Fi|Thriller
203,"To Wong Foo, Thanks for Everything! Julie Newmar",Comedy
204,Under Siege 2: Dark Territory,Action
207,A Walk in the Clouds,Drama|Romance
208,Waterworld,Action|Adventure|Sci-Fi
215,Before Sunrise,Drama|Romance
216,Billy Madison,Comedy
223,Clerks,Comedy
224,Don Juan DeMarco,Comedy|Drama|Romance
225,Disclosure,Drama|Thriller
227,Drop Zone,Action|Thriller
230,Dolores Claiborne,Drama|Thriller
231,Dumb & Dumber (Dumb and Dumber),Adventure|Comedy
235,Ed Wood,Comedy|Drama
236,French Kiss,Action|Comedy|Romance
237,Forget Paris,Comedy|Romance
246,Hoop Dreams,Documentary
247,Heavenly Creatures,Crime|Drama
252,I.Q.,Comedy|Romance
253,Interview with the Vampire: The Vampire Chronicles,Drama|Horror
256,Junior,Comedy|Sci-Fi
260,Star Wars: Episode IV - A New Hope,Action|Adventure|Sci-Fi
261,Little Women,Drama
262,A Little Princess,Children|Drama
265,Like Water for Chocolate (Como agua para chocolate),Drama|Fantasy|Romance
266,Legends of the Fall,Drama|Romance|War|Western
272,The Madness of King George,Comedy|Drama
273,Mary Shelley's Frankenstein (Frankenstein),Drama|Horror|Sci-Fi
276,Milk Money,Comedy|Romance
277,Miracle on 34th Street,Drama
282,Nell,Drama
288,Natural Born Killers,Action|Crime|Thriller
292,Outbreak,Action|Drama|Sci-Fi|Thriller
293,Léon: The Professional (a.k.a. The Professional) (Léon),Action|Crime|Drama|Thriller
296,Pulp Fiction,Comedy|Crime|Drama|Thriller
300,Quiz Show,Drama
303,The Quick and the Dead,Action|Thriller|Western
307,Three Colors: Blue (Trois couleurs: Bleu),Drama
308,Three Colors: White (Trzy kolory: Bialy),Comedy|Drama
315,The Specialist,Action|Drama|Thriller
316,Stargate,Action|Adventure|Sci-Fi
317,The Santa Clause,Comedy|Drama|Fantasy
318,The Shawshank Redemption,Crime|Drama
319,Shallow Grave,Comedy|Drama|Thriller
327,Tank Girl,Action|Comedy|Sci-Fi
329,Star Trek: Generations,Adventure|Drama|Sci-Fi
333,Tommy Boy,Comedy
337,What's Eating Gilbert Grape,Drama
339,While You Were Sleeping,Comedy|Romance
342,Muriel's Wedding,Comedy
344,Ace Ventura: Pet Detective,Comedy
345,"The Adventures of Priscilla, Queen of the Desert",Comedy|Drama
348,Bullets Over Broadway,Comedy
349,Clear and Present Danger,Action|Crime|Drama|Thriller
350,The Client,Drama|Mystery|Thriller
353,The Crow,Action|Crime|Fantasy|Thriller
355,The Flintstones,Children|Comedy|Fantasy
356,Forrest Gump,Comedy|Drama|Romance|War
357,Four Weddings and a Funeral,Comedy|Romance
362,The Jungle Book,Adventure|Children|Romance
364,The Lion King,Adventure|Animation|Children|Drama|Musical|IMAX
367,The Mask,Action|Comedy|Crime|Fantasy
368,Maverick,Adventure|Comedy|Western
370,Naked Gun 33 1/3: The Final Insult,Action|Comedy
371,The Paper,Comedy|Drama
372,Reality Bites,Comedy|Drama|Romance
374,Richie Rich,Children|Comedy
376,The River Wild,Action|Thriller
377,Speed,Action|Romance|Thriller
379,Timecop,Action|Sci-Fi|Thriller
380,True Lies,Action|Adventure|Comedy|Romance|Thriller
383,Wyatt Earp,Western
410,Addams Family Values,Children|Comedy|Fantasy
413,Airheads,Comedy
419,The Beverly Hillbillies,Comedy
420,Beverly Hills Cop III,Action|Comedy|Crime|Thriller
431,Carlito's Way,Crime|Drama
432,City Slickers II: The Legend of Curly's Gold,Adventure|Comedy|Western
434,Cliffhanger,Action|Adventure|Thriller
435,Coneheads,Comedy|Sci-Fi
440,Dave,Comedy|Romance
441,Dazed and Confused,Comedy
442,Demolition Man,Action|Adventure|Sci-Fi
454,The Firm,Drama|Thriller
455,Free Willy,Adventure|Children|Drama
457,The Fugitive,Thriller
466,Hot Shots! Part Deux,Action|Comedy|War
468,The Englishman Who Went Up a Hill But Came Down a Mountain,Comedy|Romance
471,The Hudsucker Proxy,Comedy
474,In the Line of Fire,Action|Thriller
475,In the Name of the Father,Drama
480,Jurassic Park,Action|Adventure|Sci-Fi|Thriller
485,Last Action Hero,Action|Adventure|Comedy|Fantasy
494,Executive Decision,Action|Adventure|Thriller
497,Much Ado About Nothing,Comedy|Romance
500,Mrs. Doubtfire,Comedy|Drama
508,Philadelphia,Drama
509,The Piano,Drama|Romance
515,The Remains of the Day,Drama|Romance
519,RoboCop 3,Action|Crime|Drama|Sci-Fi|Thriller
520,Robin Hood: Men in Tights,Comedy
524,Rudy,Drama
527,Schindler's List,Drama|War
529,Searching for Bobby Fischer,Drama
531,The Secret Garden,Children|Drama
539,Sleepless in Seattle,Comedy|Drama|Romance
541,Blade Runner,Action|Sci-Fi|Thriller
543,So I Married an Axe Murderer,Comedy|Romance|Thriller
546,Super Mario Bros.,Action|Adventure|Children|Comedy|Fantasy|Sci-Fi
551,The Nightmare Before Christmas,Animation|Children|Fantasy|Musical
552,The Three Musketeers,Action|Adventure|Comedy|Romance
553,Tombstone,Action|Drama|Western
555,True Romance,Crime|Thriller
562,Welcome to the Dollhouse,Comedy|Drama
585,The Brady Bunch Movie,Comedy
586,Home Alone,Children|Comedy
587,Ghost,Comedy|Drama|Fantasy|Romance|Thriller
588,Aladdin,Adventure|Animation|Children|Comedy|Musical
589,Terminator 2: Judgment Day,Action|Sci-Fi
590,Dances with Wolves,Adventure|Drama|Western
592,Batman,Action|Crime|Thriller
593,The Silence of the Lambs,Crime|Horror|Thriller
594,Snow White and the Seven Dwarfs,Animation|Children|Drama|Fantasy|Musical
595,Beauty and the Beast,Animation|Children|Fantasy|Musical|Romance|IMAX
596,Pinocchio,Animation|Children|Fantasy|Musical
597,Pretty Woman,Comedy|Romance
608,Fargo,Comedy|Crime|Drama|Thriller
610,Heavy Metal,Action|Adventure|Animation|Horror|Sci-Fi
616,The Aristocats,Animation|Children
628,Primal Fear,Crime|Drama|Mystery|Thriller
637,Sgt. Bilko,Comedy
647,Courage Under Fire,Action|Crime|Drama|War
648,Mission: Impossible,Action|Adventure|Mystery|Thriller
653,Dragonheart,Action|Adventure|Fantasy
661,James and the Giant Peach,Adventure|Animation|Children|Fantasy|Musical
671,Mystery Science Theater 3000: The Movie,Comedy|Sci-Fi
673,Space Jam,Adventure|Animation|Children|Comedy|Fantasy|Sci-Fi
707,Mulholland Falls,Crime|Drama|Thriller
708,The Truth About Cats & Dogs,Comedy|Romance
719,Multiplicity,Comedy
720,Wallace & Gromit: The Best of Aardman Animation,Adventure|Animation|Comedy
724,The Craft,Drama|Fantasy|Horror|Thriller
733,The Rock,Action|Adventure|Thriller
736,Twister,Action|Adventure|Romance|Thriller
737,Barb Wire,Action|Sci-Fi
741,Ghost in the Shell (Kôkaku kidôtai),Animation|Sci-Fi
743,Spy Hard,Comedy
745,Wallace & Gromit: A Close Shave,Animation|Children|Comedy
748,The Arrival,Action|Sci-Fi|Thriller
750,Dr. Strangelove or: How I Learned to Stop Worrying and Love the Bomb,Comedy|War
762,Striptease,Comedy|Crime
778,Trainspotting,Comedy|Crime|Drama
780,Independence Day (a.k.a. ID4),Action|Adventure|Sci-Fi|Thriller
783,The Hunchback of Notre Dame,Animation|Children|Drama|Musical|Romance
784,The Cable Guy,Comedy|Thriller
785,Kingpin,Comedy
786,Eraser,Action|Drama|Thriller
788,The Nutty Professor,Comedy|Fantasy|Romance|Sci-Fi
799,The Frighteners,Comedy|Horror|Thriller
802,Phenomenon,Drama|Romance
805,A Time to Kill,Drama|Thriller
830,The First Wives Club,Comedy
832,Ransom,Crime|Thriller
837,Matilda,Children|Comedy|Fantasy
838,Emma,Comedy|Drama|Romance
849,Escape from L.A.,Action|Adventure|Sci-Fi|Thriller
852,Tin Cup,Comedy|Drama|Romance
858,The Godfather,Crime|Drama
866,Bound,Crime|Drama|Romance|Thriller
880,The Island of Dr. Moreau,Sci-Fi|Thriller
898,The Philadelphia Story,Comedy|Drama|Romance
899,Singin' in the Rain,Comedy|Musical|Romance
902,Breakfast at Tiffany's,Drama|Romance
903,Vertigo,Drama|Mystery|Romance|Thriller
904,Rear Window,Mystery|Thriller
908,North by Northwest,Action|Adventure|Mystery|Romance|Thriller
909,The Apartment,Comedy|Drama|Romance
910,Some Like It Hot,Comedy|Crime
912,Casablanca,Drama|Romance
913,The Maltese Falcon,Film-Noir|Mystery
914,My Fair Lady,Comedy|Drama|Musical|Romance
915,Sabrina,Comedy|Romance
916,Roman Holiday,Comedy|Drama|Romance
919,The Wizard of Oz,Adventure|Children|Fantasy|Musical
920,Gone with the Wind,Drama|Romance|War
922,Sunset Blvd. (a.k.a. Sunset Boulevard),Drama|Film-Noir|Romance
923,Citizen Kane,Drama|Mystery
924,2001: A Space Odyssey,Adventure|Drama|Sci-Fi
926,All About Eve,Drama
930,Notorious,Film-Noir|Romance|Thriller
933,To Catch a Thief,Crime|Mystery|Romance|Thriller
953,It's a Wonderful Life,Children|Drama|Fantasy|Romance
968,Night of the Living Dead,Horror|Sci-Fi|Thriller
969,The African Queen,Adventure|Comedy|Romance|War
1015,Homeward Bound: The Incredible Journey,Adventure|Children|Drama
1020,Cool Runnings,Comedy
1021,Angels in the Outfield,Children|Comedy
1022,Cinderella,Animation|Children|Fantasy|Musical|Romance
1025,The Sword in the Stone,Animation|Children|Fantasy|Musical
1027,Robin Hood: Prince of Thieves,Adventure|Drama
1028,Mary Poppins,Children|Comedy|Fantasy|Musical
1029,Dumbo,Animation|Children|Drama|Musical
1031,Bedknobs and Broomsticks,Adventure|Children|Musical
1032,Alice in Wonderland,Adventure|Animation|Children|Fantasy|Musical
1033,The Fox and the Hound,Animation|Children|Drama
1035,The Sound of Music,Musical|Romance
1036,Die Hard,Action|Crime|Thriller
1037,The Lawnmower Man,Action|Horror|Sci-Fi|Thriller
1042,That Thing You Do!,Comedy|Drama
1047,The Long Kiss Goodnight,Action|Drama|Thriller
1049,The Ghost and the Darkness,Action|Adventure
1059,William Shakespeare's Romeo + Juliet,Drama|Romance
1060,Swingers,Comedy|Drama
1061,Sleepers,Thriller
1073,Willy Wonka & the Chocolate Factory,Children|Comedy|Fantasy|Musical
1077,Sleeper,Comedy|Sci-Fi
1079,A Fish Called Wanda,Comedy|Crime
1080,Monty Python's Life of Brian,Comedy
1084,Bonnie and Clyde,Crime|Drama
1086,Dial M for Murder,Crime|Mystery|Thriller
1088,Dirty Dancing,Drama|Musical|Romance
1089,Reservoir Dogs,Crime|Mystery|Thriller
1090,Platoon,Drama|War
1091,Weekend at Bernie's,Comedy
1092,Basic Instinct,Crime|Mystery|Thriller
1093,The Doors,Drama
1094,The Crying Game,Drama|Romance|Thriller
1097,E.T. the Extra-Terrestrial,Children|Drama|Sci-Fi
1101,Top Gun,Action|Romance
1104,A Streetcar Named Desire,Drama
1120,The People vs. Larry Flynt,Comedy|Drama
1125,The Return of the Pink Panther,Comedy|Crime
1127,The Abyss,Action|Adventure|Sci-Fi|Thriller
1129,Escape from New York,Action|Adventure|Sci-Fi|Thriller
1136,Monty Python and the Holy Grail,Adventure|Comedy|Fantasy
1148,Wallace & Gromit: The Wrong Trousers,Animation|Children|Comedy|Crime
1172,Cinema Paradiso (Nuovo cinema Paradiso),Drama
1175,Delicatessen,Comedy|Drama|Romance
1179,The Grifters,Crime|Drama|Film-Noir
1183,The English Patient,Drama|Romance|War
1186,"Sex, Lies, and Videotape",Drama
1188,Strictly Ballroom,Comedy|Romance
1193,One Flew Over the Cuckoo's Nest,Drama
1196,Star Wars: Episode V - The Empire Strikes Back,Action|Adventure|Sci-Fi
1197,The Princess Bride,Action|Adventure|Comedy|Fantasy|Romance
1198,Raiders of the Lost Ark (Indiana Jones and the Raiders of the Lost Ark),Action|Adventure
1199,Brazil,Fantasy|Sci-Fi
1200,Aliens,Action|Adventure|Horror|Sci-Fi
1201,"Good, the Bad and the Ugly, The (Buono, il brutto, il cattivo, Il)",Action|Adventure|Western
1203,12 Angry Men,Drama
1204,Lawrence of Arabia,Adventure|Drama|War
1206,A Clockwork Orange,Crime|Drama|Sci-Fi|Thriller
1207,To Kill a Mockingbird,Drama
1208,Apocalypse Now,Action|Drama|War
1210,Star Wars: Episode VI - Return of the Jedi,Action|Adventure|Sci-Fi
1212,The Third Man,Film-Noir|Mystery|Thriller
1213,Goodfellas,Crime|Drama
1214,Alien,Horror|Sci-Fi
1215,Army of Darkness,Action|Adventure|Comedy|Fantasy|Horror
1219,Psycho,Crime|Horror
1220,The Blues Brothers,Action|Comedy|Musical
1221,The Godfather: Part II,Crime|Drama
1222,Full Metal Jacket,Drama|War
1223,A Grand Day Out with Wallace and Gromit,Adventure|Animation|Children|Comedy|Sci-Fi
1225,Amadeus,Drama
1228,Raging Bull,Drama
1230,Annie Hall,Comedy|Romance
1231,The Right Stuff,Drama
1233,"Boot, Das (Boat, The)",Action|Drama|War
1234,The Sting,Comedy|Crime
1235,Harold and Maude,Comedy|Drama|Romance
1240,The Terminator,Action|Sci-Fi|Thriller
1242,Glory,Drama|War
1244,Manhattan,Comedy|Drama|Romance
1245,Miller's Crossing,Crime|Drama|Film-Noir|Thriller
1246,Dead Poets Society,Drama
1247,The Graduate,Comedy|Drama|Romance
1249,"Femme Nikita, La (Nikita)",Action|Crime|Romance|Thriller
1250,The Bridge on the River Kwai,Adventure|Drama|War
1252,Chinatown,Crime|Film-Noir|Mystery|Thriller
1253,The Day the Earth Stood Still,Drama|Sci-Fi|Thriller
1256,Duck Soup,Comedy|Musical|War
1257,Better Off Dead...,Comedy|Romance
1258,The Shining,Horror
1259,Stand by Me,Adventure|Drama
1261,Evil Dead II (Dead by Dawn),Action|Comedy|Fantasy|Horror
1262,The Great Escape,Action|Adventure|Drama|War
1263,The Deer Hunter,Drama|War
1265,Groundhog Day,Comedy|Fantasy|Romance
1266,Unforgiven,Drama|Western
1267,The Manchurian Candidate,Crime|Thriller|War
1269,Arsenic and Old Lace,Comedy|Mystery|Thriller
1270,Back to the Future,Adventure|Comedy|Sci-Fi
1271,Fried Green Tomatoes,Comedy|Crime|Drama
1272,Patton,Drama|War
1274,Akira,Action|Adventure|Animation|Sci-Fi
1275,Highlander,Action|Adventure|Fantasy
1276,Cool Hand Luke,Drama
1278,Young Frankenstein,Comedy|Fantasy
1282,Fantasia,Animation|Children|Fantasy|Musical
1285,Heathers,Comedy
1287,Ben-Hur,Action|Adventure|Drama
1288,This Is Spinal Tap,Comedy
1291,Indiana Jones and the Last Crusade,Action|Adventure
1292,Being There,Comedy|Drama
1293,Gandhi,Drama
1297,Real Genius,Comedy
1298,Pink Floyd: The Wall,Drama|Musical
1299,The Killing Fields,Drama|War
1302,Field of Dreams,Children|Drama|Fantasy
1304,Butch Cassidy and the Sundance Kid,Action|Western
1307,When Harry Met Sally...,Comedy|Romance
1320,Alien³ (a.k.a. Alien 3),Action|Horror|Sci-Fi|Thriller
1321,"American Werewolf in London, An",Comedy|Horror|Thriller
1333,The Birds,Horror|Thriller
1339,Dracula (Bram Stoker's Dracula),Fantasy|Horror|Romance|Thriller
1343,Cape Fear,Thriller
1345,Carrie,Drama|Fantasy|Horror|Thriller
1347,A Nightmare on Elm Street,Horror|Thriller
1350,The Omen,Horror|Mystery|Thriller
1356,Star Trek: First Contact,Action|Adventure|Sci-Fi|Thriller
1357,Shine,Drama|Romance
1358,Sling Blade,Drama
1367,101 Dalmatians,Adventure|Children|Comedy
1370,Die Hard 2,Action|Adventure|Thriller
1371,Star Trek: The Motion Picture,Adventure|Sci-Fi
1372,Star Trek VI: The Undiscovered Country,Action|Mystery|Sci-Fi
1373,Star Trek V: The Final Frontier,Action|Sci-Fi
1374,Star Trek II: The Wrath of Khan,Action|Adventure|Sci-Fi|Thriller
1375,Star Trek III: The Search for Spock,Action|Adventure|Sci-Fi
1376,Star Trek IV: The Voyage Home,Adventure|Comedy|Sci-Fi
1377,Batman Returns,Action|Crime
1378,Young Guns,Action|Comedy|Western
1380,Grease,Comedy|Musical|Romance
1385,Under Siege,Action|Drama|Thriller
1387,Jaws,Action|Horror
1391,Mars Attacks!,Action|Comedy|Sci-Fi
1393,Jerry Maguire,Drama|Romance
1394,Raising Arizona,Comedy
1396,Sneakers,Action|Comedy|Crime|Drama|Sci-Fi
1405,Beavis and Butt-Head Do America,Adventure|Animation|Comedy|Crime
1407,Scream,Comedy|Horror|Mystery|Thriller
1408,The Last of the Mohicans,Action|Romance|War|Western
1409,Michael,Comedy|Drama|Fantasy|Romance
1429,First Strike (Police Story 4: First Strike) (Ging chaat goo si 4: Ji gaan daan yam mo),Action|Adventure|Comedy|Thriller
1438,Dante's Peak,Action|Thriller
1449,Waiting for Guffman,Comedy
1466,Donnie Brasco,Crime|Drama
1476,Private Parts,Comedy|Drama
1479,The Saint,Action|Romance|Sci-Fi|Thriller
1485,Liar Liar,Comedy
1499,Anaconda,Action|Adventure|Thriller
1500,Grosse Pointe Blank,Comedy|Crime|Romance
1513,Romy and Michele's High School Reunion,Comedy
1517,Austin Powers: International Man of Mystery,Action|Adventure|Comedy
1527,The Fifth Element,Action|Adventure|Comedy|Sci-Fi
1544,The Lost World: Jurassic Park,Action|Adventure|Sci-Fi|Thriller
1552,Con Air,Action|Adventure|Thriller
1562,Batman & Robin,Action|Adventure|Fantasy|Thriller
1566,Hercules,Adventure|Animation|Children|Comedy|Musical
1569,My Best Friend's Wedding,Comedy|Romance
1573,Face/Off,Action|Crime|Drama|Thriller
1580,Men in Black (a.k.a. MIB),Action|Comedy|Sci-Fi
1584,Contact,Drama|Sci-Fi
1586,G.I. Jane,Action|Drama
1587,Conan the Barbarian,Action|Adventure|Fantasy
1588,George of the Jungle,Children|Comedy
1590,Event Horizon,Horror|Sci-Fi|Thriller
1591,Spawn,Action|Adventure|Sci-Fi|Thriller
1597,Conspiracy Theory,Drama|Mystery|Romance|Thriller
1608,Air Force One,Action|Thriller
1610,The Hunt for Red October,Action|Adventure|Thriller
1614,In & Out,Comedy
1616,The Peacemaker,Action|Thriller|War
1617,L.A. Confidential,Crime|Film-Noir|Mystery|Thriller
1625,The Game,Drama|Mystery|Thriller
1639,Chasing Amy,Comedy|Drama|Romance
1641,The Full Monty,Comedy|Drama
1644,I Know What You Did Last Summer,Horror|Mystery|Thriller
1645,The Devil's Advocate,Drama|Mystery|Thriller
1653,Gattaca,Drama|Sci-Fi|Thriller
1663,Stripes,Comedy|War
1673,Boogie Nights,Drama
1674,Witness,Drama|Romance|Thriller
1676,Starship Troopers,Action|Sci-Fi
1680,Sliding Doors,Drama|Romance
1682,The Truman Show,Comedy|Drama|Sci-Fi
1688,Anastasia,Adventure|Animation|Children|Drama|Musical
1690,Alien: Resurrection,Action|Horror|Sci-Fi
1704,Good Will Hunting,Drama|Romance
1711,Midnight in the Garden of Good and Evil,Crime|Drama|Mystery
1717,Scream 2,Comedy|Horror|Mystery|Thriller
1721,Titanic,Drama|Romance
1722,Tomorrow Never Dies,Action|Adventure|Thriller
1729,Jackie Brown,Crime|Drama|Thriller
1732,The Big Lebowski,Comedy|Crime
1747,Wag the Dog,Comedy
1748,Dark City,Adventure|Film-Noir|Sci-Fi|Thriller
1777,The Wedding Singer,Comedy|Romance
1779,Sphere,Sci-Fi|Thriller
1784,As Good as It Gets,Comedy|Drama|Romance
1792,U.S. Marshals,Action|Crime|Thriller
1801,The Man in the Iron Mask,Action|Adventure|Drama
1805,Wild Things,Crime|Drama|Mystery|Thriller
1831,Lost in Space,Action|Adventure|Sci-Fi
1876,Deep Impact,Drama|Sci-Fi|Thriller
1882,Godzilla,Action|Sci-Fi|Thriller
1883,Bulworth,Comedy|Drama|Romance
1884,Fear and Loathing in Las Vegas,Adventure|Comedy|Drama
1907,Mulan,Adventure|Animation|Children|Comedy|Drama|Musical|Romance
1909,The X-Files: Fight the Future,Action|Crime|Mystery|Sci-Fi|Thriller
1911,Dr. Dolittle,Comedy
1912,Out of Sight,Comedy|Crime|Drama|Romance|Thriller
1917,Armageddon,Action|Romance|Sci-Fi|Thriller
1918,Lethal Weapon 4,Action|Comedy|Crime|Thriller
1921,Pi,Drama|Sci-Fi|Thriller
1923,There's Something About Mary,Comedy|Romance
1945,On the Waterfront,Crime|Drama
1947,West Side Story,Drama|Musical|Romance
1952,Midnight Cowboy,Drama
1953,The French Connection,Action|Crime|Thriller
1954,Rocky,Drama
1958,Terms of Endearment,Comedy|Drama
1960,The Last Emperor,Drama
1961,Rain Man,Drama
1962,Driving Miss Daisy,Drama
1965,Repo Man,Comedy|Sci-Fi
1967,Labyrinth,Adventure|Fantasy|Musical
1968,The Breakfast Club,Comedy|Drama
1982,Halloween,Horror
1994,Poltergeist,Horror|Thriller
1997,The Exorcist,Horror|Mystery
2000,Lethal Weapon,Action|Comedy|Crime|Drama
2001,Lethal Weapon 2,Action|Comedy|Crime|Drama
2002,Lethal Weapon 3,Action|Comedy|Crime|Drama
2003,Gremlins,Comedy|Horror
2005,The Goonies,Action|Adventure|Children|Comedy|Fantasy
2006,The Mask of Zorro,Action|Comedy|Romance
2010,Metropolis,Drama|Sci-Fi
2011,Back to the Future Part II,Adventure|Comedy|Sci-Fi
2012,Back to the Future Part III,Adventure|Comedy|Sci-Fi|Western
2013,The Poseidon Adventure,Action|Adventure|Drama
2018,Bambi,Animation|Children|Drama
2019,Seven Samurai (Shichinin no samurai),Action|Adventure|Drama
2020,Dangerous Liaisons,Drama|Romance
2021,Dune,Adventure|Sci-Fi
2023,The Godfather: Part III,Crime|Drama|Mystery|Thriller
2028,Saving Private Ryan,Action|Drama|War
2046,Flight of the Navigator,Adventure|Children|Sci-Fi
2052,Hocus Pocus,Children|Comedy|Fantasy|Horror
2053,"Honey, I Blew Up the Kid",Children|Comedy|Sci-Fi
2054,"Honey, I Shrunk the Kids",Adventure|Children|Comedy|Fantasy|Sci-Fi
2058,The Negotiator,Action|Crime|Drama|Mystery|Thriller
2064,Roger & Me,Documentary
2067,Doctor Zhivago,Drama|Romance|War
2076,Blue Velvet,Drama|Mystery|Thriller
2078,The Jungle Book,Animation|Children|Comedy|Musical
2080,Lady and the Tramp,Animation|Children|Comedy|Romance
2081,The Little Mermaid,Animation|Children|Comedy|Musical|Romance
2082,The Mighty Ducks,Children|Comedy
2085,101 Dalmatians (One Hundred and One Dalmatians),Adventure|Animation|Children
2087,Peter Pan,Animation|Children|Fantasy|Musical
2094,The Rocketeer,Action|Adventure|Sci-Fi
2096,Sleeping Beauty,Animation|Children|Musical
2100,Splash,Comedy|Fantasy|Romance
2105,Tron,Action|Adventure|Sci-Fi
2108,L.A. Story,Comedy|Romance
2109,The Jerk,Comedy
2115,Indiana Jones and the Temple of Doom,Action|Adventure|Fantasy
2124,The Addams Family,Children|Comedy|Fantasy
2125,Ever After: A Cinderella Story,Comedy|Drama|Romance
2133,Adventures in Babysitting,Adventure|Comedy
2134,Weird Science,Comedy|Fantasy|Sci-Fi
2137,Charlotte's Web,Animation|Children
2139,The Secret of NIMH,Adventure|Animation|Children|Drama
2140,The Dark Crystal,Adventure|Fantasy
2144,Sixteen Candles,Comedy|Romance
2145,Pretty in Pink,Comedy|Drama|Romance
2150,The Gods Must Be Crazy,Adventure|Comedy
2160,Rosemary's Baby,Drama|Horror|Thriller
2161,The NeverEnding Story,Adventure|Children|Fantasy
2167,Blade,Action|Horror|Thriller
2174,Beetlejuice,Comedy|Fantasy
2186,Strangers on a Train,Crime|Drama|Film-Noir|Thriller
2193,Willow,Action|Adventure|Fantasy
2194,The Untouchables,Action|Crime|Drama
2231,Rounders,Drama
2232,Cube,Horror|Mystery|Sci-Fi|Thriller
2243,Broadcast News,Comedy|Drama|Romance
2245,Working Girl,Comedy|Drama|Romance
2248,Say Anything...,Comedy|Drama|Romance
2253,Toys,Comedy|Fantasy
2268,A Few Good Men,Crime|Drama|Thriller
2273,Rush Hour,Action|Comedy|Crime|Thriller
2278,Ronin,Action|Crime|Thriller
2288,The Thing,Action|Horror|Sci-Fi|Thriller
2289,The Player,Comedy|Crime|Drama
2291,Edward Scissorhands,Drama|Fantasy|Romance
2294,Antz,Adventure|Animation|Children|Comedy|Fantasy
2300,The Producers,Comedy
2302,My Cousin Vinny,Comedy
2321,Pleasantville,Comedy|Drama|Fantasy
2324,Life Is Beautiful (La Vita è bella),Comedy|Drama|Romance|War
2329,American History X,Crime|Drama
2335,The Waterboy,Comedy
2336,Elizabeth,Drama
2340,Meet Joe Black,Romance
2352,The Big Chill,Comedy|Drama
2353,Enemy of the State,Action|Thriller
2355,A Bug's Life,Adventure|Animation|Children|Comedy
2359,Waking Ned Devine (a.k.a. Waking Ned),Comedy
2366,King Kong,Action|Adventure|Fantasy|Horror
2369,Desperately Seeking Susan,Comedy|Drama|Romance
2371,Fletch,Comedy|Crime|Mystery
2375,The Money Pit,Comedy
2376,A View to a Kill,Action|Adventure|Thriller
2378,Police Academy,Comedy|Crime
2384,Babe: Pig in the City,Adventure|Children|Drama
2391,A Simple Plan,Crime|Drama|Thriller
2393,Star Trek: Insurrection,Action|Drama|Romance|Sci-Fi
2394,The Prince of Egypt,Animation|Musical
2395,Rushmore,Comedy|Drama
2396,Shakespeare in Love,Comedy|Drama|Romance
2403,First Blood (Rambo: First Blood),Action|Adventure|Drama|Thriller
2405,The Jewel of the Nile,Action|Adventure|Comedy|Romance
2406,Romancing the Stone,Action|Adventure|Comedy|Romance
2407,Cocoon,Comedy|Sci-Fi
2409,Rocky II,Action|Drama
2410,Rocky III,Action|Drama
2411,Rocky IV,Action|Drama
2420,The Karate Kid,Drama
2421,"The Karate Kid, Part II",Action|Adventure|Drama
2423,Christmas Vacation (National Lampoon's Christmas Vacation),Comedy
2424,You've Got Mail,Comedy|Romance
2427,The Thin Red Line,Action|Drama|War
2428,The Faculty,Horror|Sci-Fi
2431,Patch Adams,Comedy|Drama
2455,The Fly,Drama|Horror|Sci-Fi|Thriller
2470,Crocodile Dundee,Adventure|Comedy
2471,Crocodile Dundee II,Action|Adventure|Comedy
2478,¡Three Amigos!,Comedy|Western
2485,She's All That,Comedy|Romance
2490,Payback,Action|Thriller
2496,Blast from the Past,Comedy|Romance
2501,October Sky,Drama
2502,Office Space,Comedy|Crime
2528,Logan's Run,Action|Adventure|Sci-Fi
2529,Planet of the Apes,Action|Drama|Sci-Fi
2539,Analyze This,Comedy
2541,Cruel Intentions,Drama
2542,"Lock, Stock & Two Smoking Barrels",Comedy|Crime|Thriller
2571,The Matrix,Action|Sci-Fi|Thriller
2572,10 Things I Hate About You,Comedy|Romance
2580,Go,Comedy|Crime
2581,Never Been Kissed,Comedy|Romance
2598,Pushing Tin,Comedy
2599,Election,Comedy
2600,eXistenZ,Action|Sci-Fi|Thriller
2605,Entrapment,Crime|Thriller
2616,Dick Tracy,Action|Crime
2617,The Mummy,Action|Adventure|Comedy|Fantasy|Horror|Thriller
2628,Star Wars: Episode I - The Phantom Menace,Action|Adventure|Sci-Fi
2640,Superman,Action|Adventure|Sci-Fi
2641,Superman II,Action|Sci-Fi
2642,Superman III,Action|Adventure|Sci-Fi
2657,The Rocky Horror Picture Show,Comedy|Horror|Musical|Sci-Fi
2671,Notting Hill,Comedy|Romance
2683,Austin Powers: The Spy Who Shagged Me,Action|Adventure|Comedy
2687,Tarzan,Adventure|Animation|Children|Drama
2692,Run Lola Run (Lola rennt),Action|Crime
2694,Big Daddy,Comedy
2699,Arachnophobia,Comedy|Horror
2700,"South Park: Bigger, Longer and Uncut",Animation|Comedy|Musical
2701,Wild Wild West,Action|Comedy|Sci-Fi|Western
2706,American Pie,Comedy|Romance
2707,Arlington Road,Thriller
2710,The Blair Witch Project,Drama|Horror|Thriller
2712,Eyes Wide Shut,Drama|Mystery|Thriller
2716,Ghostbusters (a.k.a. Ghost Busters),Action|Comedy|Sci-Fi
2717,Ghostbusters II,Comedy|Fantasy|Sci-Fi
2720,Inspector Gadget,Action|Adventure|Children|Comedy
2722,Deep Blue Sea,Action|Horror|Sci-Fi|Thriller
2723,Mystery Men,Action|Comedy|Fantasy
2724,Runaway Bride,Comedy|Romance
2746,Little Shop of Horrors,Comedy|Horror|Musical
2761,The Iron Giant,Adventure|Animation|Children|Drama|Sci-Fi
2762,The Sixth Sense,Drama|Horror|Mystery
2763,The Thomas Crown Affair,Action|Mystery
2770,Bowfinger,Comedy
2788,Monty Python's And Now for Something Completely Different,Comedy
2791,Airplane!,Comedy
2795,National Lampoon's Vacation,Comedy
2797,Big,Comedy|Drama|Fantasy|Romance
2804,A Christmas Story,Children|Comedy
2805,Mickey Blue Eyes,Comedy|Romance
2826,The 13th Warrior,Action|Adventure|Fantasy
2840,Stigmata,Drama|Thriller
2858,American Beauty,Drama|Romance
2871,Deliverance,Adventure|Drama|Thriller
2872,Excalibur,Adventure|Fantasy
2890,Three Kings,Action|Adventure|Comedy|Drama|War
2908,Boys Don't Cry,Drama
2915,Risky Business,Comedy
2916,Total Recall,Action|Adventure|Sci-Fi|Thriller
2918,Ferris Bueller's Day Off,Comedy
2944,The Dirty Dozen,Action|Drama|War
2947,Goldfinger,Action|Adventure|Thriller
2948,From Russia with Love,Action|Adventure|Thriller
2949,Dr. No,Action|Adventure|Thriller
2951,"Fistful of Dollars, A (Per un pugno di dollari)",Action|Western
2953,Home Alone 2: Lost in New York,Children|Comedy
2959,Fight Club,Action|Crime|Drama|Thriller
2968,Time Bandits,Adventure|Comedy|Fantasy|Sci-Fi
2985,RoboCop,Action|Crime|Drama|Sci-Fi|Thriller
2986,RoboCop 2,Action|Crime|Sci-Fi|Thriller
2987,Who Framed Roger Rabbit?,Adventure|Animation|Children|Comedy|Crime|Fantasy|Mystery
2989,For Your Eyes Only,Action|Adventure|Thriller
2990,Licence to Kill,Action|Adventure|Thriller
2991,Live and Let Die,Action|Adventure|Thriller
2993,Thunderball,Action|Adventure|Thriller
2997,Being John Malkovich,Comedy|Drama|Fantasy
3000,Princess Mononoke (Mononoke-hime),Action|Adventure|Animation|Drama|Fantasy
3005,The Bone Collector,Thriller
3006,The Insider,Drama|Thriller
3033,Spaceballs,Comedy|Sci-Fi
3034,Robin Hood,Adventure|Animation|Children|Comedy|Musical
3037,Little Big Man,Western
3039,Trading Places,Comedy
3052,Dogma,Adventure|Comedy|Fantasy
3070,The Adventures of Buckaroo Banzai Across the 8th Dimension,Adventure|Comedy|Sci-Fi
3072,Moonstruck,Comedy|Romance
3081,Sleepy Hollow,Fantasy|Horror|Mystery|Romance
3082,The World Is Not Enough,Action|Adventure|Thriller
3087,Scrooged,Comedy|Fantasy|Romance
3098,The Natural,Drama
3100,A River Runs Through It,Drama
3101,Fatal Attraction,Drama|Thriller
3104,Midnight Run,Action|Comedy|Crime|Thriller
3105,Awakenings,Drama|Mystery
3107,Backdraft,Action|Drama
3108,The Fisher King,Comedy|Drama|Fantasy|Romance
3114,Toy Story 2,Adventure|Animation|Children|Comedy|Fantasy
3147,The Green Mile,Crime|Drama
3148,The Cider House Rules,Drama
3160,Magnolia,Drama
3168,Easy Rider,Adventure|Drama
3174,Man on the Moon,Comedy|Drama
3175,Galaxy Quest,Adventure|Comedy|Sci-Fi
3176,The Talented Mr. Ripley,Drama|Mystery|Thriller
3186,"Girl, Interrupted",Drama
3210,Fast Times at Ridgemont High,Comedy|Drama|Romance
3247,Sister Act,Comedy|Crime
3252,Scent of a Woman,Drama
3253,Wayne's World,Comedy
3254,Wayne's World 2,Comedy
3255,A League of Their Own,Comedy|Drama
3256,Patriot Games,Action|Crime|Drama|Thriller
3257,The Bodyguard,Drama|Romance|Thriller
3263,White Men Can't Jump,Comedy|Drama
3264,Buffy the Vampire Slayer,Action|Comedy|Horror
3269,Forever Young,Drama|Romance|Sci-Fi
3273,Scream 3,Comedy|Horror|Mystery|Thriller
3275,The Boondock Saints,Action|Crime|Drama|Thriller
3285,The Beach,Adventure|Drama
3298,Boiler Room,Crime|Drama|Thriller
3300,Pitch Black,Horror|Sci-Fi|Thriller
3301,The Whole Nine Yards,Comedy|Crime
3317,Wonder Boys,Comedy|Drama
3354,Mission to Mars,Sci-Fi
3360,Hoosiers (a.k.a. Best Shot),Drama|Romance
3361,Bull Durham,Comedy|Drama|Romance
3362,Dog Day Afternoon,Crime|Drama
3363,American Graffiti,Comedy|Drama
3386,JFK,Drama|Mystery|Thriller
3396,The Muppet Movie,Adventure|Children|Comedy|Musical
3408,Erin Brockovich,Drama
3409,Final Destination,Drama|Thriller
3418,Thelma & Louise,Adventure|Crime|Drama
3421,Animal House,Comedy
3424,Do the Right Thing,Drama
3438,Teenage Mutant Ninja Turtles,Action|Children|Comedy|Fantasy|Sci-Fi
3448,"Good Morning, Vietnam",Comedy|Drama|War
3450,Grumpy Old Men,Comedy
3462,Modern Times,Comedy|Drama|Romance
3471,Close Encounters of the Third Kind,Adventure|Drama|Sci-Fi
3476,Jacob's Ladder,Horror|Mystery
3481,High Fidelity,Comedy|Drama|Romance
3489,Hook,Adventure|Comedy|Fantasy
3499,Misery,Drama|Horror|Thriller
3504,Network,Comedy|Drama
3510,Frequency,Drama|Thriller
3527,Predator,Action|Sci-Fi|Thriller
3534,28 Days,Drama
3535,American Psycho,Crime|Horror|Mystery|Thriller
3536,Keeping the Faith,Comedy|Drama|Romance
3552,Caddyshack,Comedy
3555,U-571,Action|Thriller|War
3556,The Virgin Suicides,Drama|Romance
3578,Gladiator,Action|Adventure|Drama
3608,Pee-wee's Big Adventure,Adventure|Comedy
3617,Road Trip,Comedy
3623,Mission: Impossible II,Action|Adventure|Thriller
3624,Shanghai Noon,Action|Adventure|Comedy|Western
3638,Moonraker,Action|Adventure|Sci-Fi|Thriller
3671,Blazing Saddles,Comedy|Western
3681,For a Few Dollars More (Per qualche dollaro in più),Action|Drama|Thriller|Western
3697,Predator 2,Action|Sci-Fi|Thriller
3698,The Running Man,Action|Sci-Fi
3702,Mad Max,Action|Adventure|Sci-Fi
3703,"Road Warrior, The (Mad Max 2)",Action|Adventure|Sci-Fi|Thriller
3704,Mad Max Beyond Thunderdome,Action|Adventure|Sci-Fi
3717,Gone in 60 Seconds,Action|Crime
3740,Big Trouble in Little China,Action|Adventure|Comedy|Fantasy
3745,Titan A.E.,Action|Adventure|Animation|Children|Sci-Fi
3751,Chicken Run,Animation|Children|Comedy
3752,"Me, Myself & Irene",Adventure|Comedy
3753,The Patriot,Action|Drama|War
3755,The Perfect Storm,Drama|Thriller
3785,Scary Movie,Comedy|Horror
3793,X-Men,Action|Adventure|Sci-Fi
3798,What Lies Beneath,Drama|Horror|Mystery
3809,What About Bob?,Comedy
3825,Coyote Ugly,Comedy|Drama|Romance
3826,Hollow Man,Horror|Sci-Fi|Thriller
3827,Space Cowboys,Action|Adventure|Comedy|Sci-Fi
3863,The Cell,Drama|Horror|Thriller
3868,The Naked Gun: From the Files of Police Squad!,Action|Comedy|Crime|Romance
3869,The Naked Gun 2 1/2: The Smell of Fear,Comedy
3882,Bring It On,Comedy
3897,Almost Famous,Drama
3910,Dancer in the Dark,Drama|Musical
3911,Best in Show,Comedy
3916,Remember the Titans,Drama
3948,Meet the Parents,Comedy
3949,Requiem for a Dream,Drama
3967,Billy Elliot,Drama
3968,Bedazzled,Comedy
3969,Pay It Forward,Drama
3977,Charlie's Angels,Action|Comedy
3979,Little Nicky,Comedy
3984,Diamonds Are Forever,Action|Adventure|Thriller
3986,The 6th Day,Action|Sci-Fi|Thriller
3988,How the Grinch Stole Christmas (a.k.a. The Grinch),Children|Comedy|Fantasy
3994,Unbreakable,Drama|Sci-Fi
3996,"Crouching Tiger, Hidden Dragon (Wo hu cang long)",Action|Drama|Romance
4002,"Planes, Trains & Automobiles",Comedy
4007,Wall Street,Drama
4011,Snatch,Comedy|Crime|Thriller
4014,Chocolat,Drama|Romance
4015,"Dude, Where's My Car?",Comedy|Sci-Fi
4016,The Emperor's New Groove,Adventure|Animation|Children|Comedy|Fantasy
4018,What Women Want,Comedy|Romance
4019,Finding Forrester,Drama
4022,Cast Away,Drama
4023,The Family Man,Comedy|Drama|Romance
4025,Miss Congeniality,Comedy|Crime
4027,"O Brother, Where Art Thou?",Adventure|Comedy|Crime
4034,Traffic,Crime|Drama|Thriller
4069,The Wedding Planner,Comedy|Romance
4085,Beverly Hills Cop,Action|Comedy|Crime|Drama
4105,The Evil Dead,Fantasy|Horror|Thriller
4128,The Lost Boys,Comedy|Horror|Thriller
4148,Hannibal,Horror|Thriller
4161,The Mexican,Action|Comedy
4223,Enemy at the Gates,Drama|War
4226,Memento,Mystery|Thriller
4232,Spy Kids,Action|Adventure|Children|Comedy
4235,Amores Perros (Love's a Bitch),Drama|Thriller
4239,Blow,Crime|Drama
4246,Bridget Jones's Diary,Comedy|Drama|Romance
4247,Joe Dirt,Adventure|Comedy|Mystery|Romance
4262,Scarface,Action|Crime|Drama
4270,The Mummy Returns,Action|Adventure|Comedy|Thriller
4299,A Knight's Tale,Action|Comedy|Romance
4306,Shrek,Adventure|Animation|Children|Comedy|Fantasy|Romance
4308,Moulin Rouge,Drama|Musical|Romance
4310,Pearl Harbor,Action|Drama|Romance|War
4321,City Slickers,Comedy|Western
4343,Evolution,Comedy|Sci-Fi
4344,Swordfish,Action|Crime|Drama
4361,Tootsie,Comedy|Romance
4367,Lara Croft: Tomb Raider,Action|Adventure
4369,The Fast and the Furious,Action|Crime|Thriller
4370,A.I. Artificial Intelligence,Adventure|Drama|Sci-Fi
4388,Scary Movie 2,Comedy
4446,Final Fantasy: The Spirits Within,Adventure|Animation|Fantasy|Sci-Fi
4447,Legally Blonde,Comedy|Romance
4448,The Score,Action|Drama
4489,Coming to America,Comedy|Romance
4545,Short Circuit,Comedy|Sci-Fi
4571,Bill & Ted's Excellent Adventure,Adventure|Comedy|Sci-Fi
4623,Major League,Comedy
4638,Jurassic Park III,Action|Adventure|Sci-Fi|Thriller
4641,Ghost World,Comedy|Drama
4643,Planet of the Apes,Action|Adventure|Drama|Sci-Fi
4700,The Princess Diaries,Children|Comedy|Romance
4701,Rush Hour 2,Action|Comedy
4718,American Pie 2,Comedy
4720,The Others,Drama|Horror|Mystery|Thriller
4734,Jay and Silent Bob Strike Back,Adventure|Comedy
4776,Training Day,Crime|Drama|Thriller
4816,Zoolander,Comedy
4823,Serendipity,Comedy|Romance
4848,Mulholland Drive,Crime|Drama|Film-Noir|Mystery|Thriller
4855,Dirty Harry,Action|Crime|Thriller
4865,From Hell,Crime|Horror|Mystery|Thriller
4874,K-PAX,Drama|Fantasy|Mystery|Sci-Fi
4878,Donnie Darko,Drama|Mystery|Sci-Fi|Thriller
4886,"Monsters, Inc.",Adventure|Animation|Children|Comedy|Fantasy
4890,Shallow Hal,Comedy|Fantasy|Romance
4896,Harry Potter and the Sorcerer's Stone (a.k.a. Harry Potter and the Philosopher's Stone),Adventure|Children|Fantasy
4901,Spy Game,Action|Crime|Drama|Thriller
4958,Behind Enemy Lines,Action|Drama|War
4963,Ocean's Eleven,Crime|Thriller
4973,"Amelie (Fabuleux destin d'Amélie Poulain, Le)",Comedy|Romance
4975,Vanilla Sky,Mystery|Romance|Sci-Fi|Thriller
4979,The Royal Tenenbaums,Comedy|Drama
4980,Bill & Ted's Bogus Journey,Adventure|Comedy|Fantasy|Sci-Fi
4993,The Lord of the Rings: The Fellowship of the Ring,Adventure|Fantasy
4995,A Beautiful Mind,Drama|Romance
5010,Black Hawk Down,Action|Drama|War
5013,Gosford Park,Comedy|Drama|Mystery
5060,M*A*S*H (a.k.a. MASH),Comedy|Drama|War
5064,The Count of Monte Cristo,Action|Adventure|Drama|Thriller
5103,The Sandlot,Children|Comedy|Drama
5110,Super Troopers,Comedy|Crime|Mystery
5171,The Time Machine,Action|Adventure|Sci-Fi
5218,Ice Age,Adventure|Animation|Children|Comedy
5219,Resident Evil,Action|Horror|Sci-Fi|Thriller
5225,And Your Mother Too (Y tu mamá también),Drama|Romance
5254,Blade II,Action|Horror|Thriller
5266,Panic Room,Thriller
5283,National Lampoon's Van Wilder,Comedy
5299,My Big Fat Greek Wedding,Comedy|Romance
5313,The Scorpion King,Action|Adventure|Fantasy|Thriller
5349,Spider-Man,Action|Adventure|Sci-Fi|Thriller
5377,About a Boy,Comedy|Drama|Romance
5378,Star Wars: Episode II - Attack of the Clones,Action|Adventure|Sci-Fi|IMAX
5388,Insomnia,Action|Crime|Drama|Mystery|Thriller
5418,The Bourne Identity,Action|Mystery|Thriller
5444,Lilo & Stitch,Adventure|Animation|Children|Sci-Fi
5445,Minority Report,Action|Crime|Mystery|Sci-Fi|Thriller
5449,Mr. Deeds,Comedy|Romance
5459,Men in Black II (a.k.a. MIIB) (a.k.a. MIB 2),Action|Comedy|Sci-Fi
5464,Road to Perdition,Crime|Drama
5481,Austin Powers in Goldmember,Comedy
5502,Signs,Horror|Sci-Fi|Thriller
5507,xXx,Action|Crime|Thriller
5574,The Transporter,Action|Crime
5617,Secretary,Comedy|Drama|Romance
5618,Spirited Away (Sen to Chihiro no kamikakushi),Adventure|Animation|Fantasy
5620,Sweet Home Alabama,Comedy|Romance
5630,Red Dragon,Crime|Mystery|Thriller
5669,Bowling for Columbine,Documentary
5673,Punch-Drunk Love,Comedy|Drama|Romance
5679,The Ring,Horror|Mystery|Thriller
5810,8 Mile,Drama
5816,Harry Potter and the Chamber of Secrets,Adventure|Fantasy
5872,Die Another Day,Action|Adventure|Thriller
5881,Solaris,Drama|Romance|Sci-Fi
5902,Adaptation,Comedy|Drama|Romance
5903,Equilibrium,Action|Sci-Fi|Thriller
5945,About Schmidt,Comedy|Drama
5952,The Lord of the Rings: The Two Towers,Adventure|Fantasy
5954,25th Hour,Crime|Drama
5956,Gangs of New York,Crime|Drama
5971,My Neighbor Totoro (Tonari no Totoro),Animation|Children|Drama|Fantasy
5989,Catch Me If You Can,Crime|Drama
5991,Chicago,Comedy|Crime|Drama|Musical
5995,The Pianist,Drama|War
6016,City of God (Cidade de Deus),Action|Adventure|Crime|Drama|Thriller
6155,How to Lose a Guy in 10 Days,Comedy|Romance
6157,Daredevil,Action|Crime
6188,Old School,Comedy
6218,Bend It Like Beckham,Comedy|Drama|Romance
6281,Phone Booth,Drama|Thriller
6283,Cowboy Bebop: The Movie (Cowboy Bebop: Tengoku no Tobira),Action|Animation|Sci-Fi|Thriller
6287,Anger Management,Comedy
6297,Holes,Adventure|Children|Comedy|Mystery
6323,Identity,Crime|Horror|Mystery|Thriller
6333,X2: X-Men United,Action|Adventure|Sci-Fi|Thriller
6350,Laputa: Castle in the Sky (Tenkû no shiro Rapyuta),Action|Adventure|Animation|Children|Fantasy|Sci-Fi
6365,The Matrix Reloaded,Action|Adventure|Sci-Fi|Thriller|IMAX
6373,Bruce Almighty,Comedy|Drama|Fantasy|Romance
6377,Finding Nemo,Adventure|Animation|Children|Comedy
6378,The Italian Job,Action|Crime
6502,28 Days Later,Action|Horror|Sci-Fi
6503,Charlie's Angels: Full Throttle,Action|Adventure|Comedy|Crime|Thriller
6534,Hulk,Action|Adventure|Sci-Fi
6537,Terminator 3: Rise of the Machines,Action|Adventure|Sci-Fi
6539,Pirates of the Caribbean: The Curse of the Black Pearl,Action|Adventure|Comedy|Fantasy
6541,"League of Extraordinary Gentlemen, The (a.k.a. LXG)",Action|Fantasy|Sci-Fi
6593,Freaky Friday,Children|Comedy|Fantasy
6708,Matchstick Men,Comedy|Crime|Drama
6711,Lost in Translation,Comedy|Drama|Romance
6754,Underworld,Action|Fantasy|Horror
6773,"Triplets of Belleville, The (Les triplettes de Belleville)",Animation|Comedy|Fantasy
6787,All the President's Men,Drama|Thriller
6807,Monty Python's The Meaning of Life,Comedy
6863,School of Rock,Comedy|Musical
6870,Mystic River,Crime|Drama|Mystery
6873,Intolerable Cruelty,Comedy|Romance
6874,Kill Bill: Vol. 1,Action|Crime|Thriller
6888,Scary Movie 3,Comedy|Horror
6934,The Matrix Revolutions,Action|Adventure|Sci-Fi|Thriller|IMAX
6936,Elf,Children|Comedy|Fantasy
6942,Love Actually,Comedy|Drama|Romance
6947,Master and Commander: The Far Side of the World,Adventure|Drama|War
6953,21 Grams,Crime|Drama|Mystery|Romance|Thriller
6957,Bad Santa,Comedy|Crime
6979,WarGames,Drama|Sci-Fi|Thriller
7022,Battle Royale (Batoru rowaiaru),Action|Drama|Horror|Thriller
7090,Hero (Ying xiong),Action|Adventure|Drama
7099,Nausicaä of the Valley of the Wind (Kaze no tani no Naushika),Adventure|Animation|Drama|Fantasy|Sci-Fi
7143,The Last Samurai,Action|Adventure|Drama|War
7147,Big Fish,Drama|Fantasy|Romance
7153,The Lord of the Rings: The Return of the King,Action|Adventure|Drama|Fantasy
7173,Along Came Polly,Comedy|Romance
7254,The Butterfly Effect,Drama|Sci-Fi|Thriller
7293,50 First Dates,Comedy|Romance
7323,"Good bye, Lenin!",Comedy|Drama
7325,Starsky & Hutch,Action|Comedy|Crime|Thriller
7346,The Girl Next Door,Comedy|Romance
7361,Eternal Sunshine of the Spotless Mind,Drama|Romance|Sci-Fi
7371,Dogville,Drama|Mystery|Thriller
7373,Hellboy,Action|Adventure|Fantasy|Horror
7387,Dawn of the Dead,Action|Drama|Horror
7438,Kill Bill: Vol. 2,Action|Drama|Thriller
7444,13 Going on 30,Comedy|Fantasy|Romance
7445,Man on Fire,Action|Crime|Drama|Mystery|Thriller
7451,Mean Girls,Comedy
7454,Van Helsing,Action|Adventure|Fantasy|Horror
7458,Troy,Action|Adventure|Drama|War
8360,Shrek 2,Adventure|Animation|Children|Comedy|Musical|Romance
8361,The Day After Tomorrow,Action|Adventure|Drama|Sci-Fi|Thriller
8368,Harry Potter and the Prisoner of Azkaban,Adventure|Fantasy|IMAX
8371,The Chronicles of Riddick,Action|Sci-Fi|Thriller
8376,Napoleon Dynamite,Comedy
8464,Super Size Me,Comedy|Documentary|Drama
8528,Dodgeball: A True Underdog Story,Comedy
8529,The Terminal,Comedy|Drama|Romance
8533,The Notebook,Drama|Romance
8622,Fahrenheit 9/11,Documentary
8636,Spider-Man 2,Action|Adventure|Sci-Fi|IMAX
8641,Anchorman: The Legend of Ron Burgundy,Comedy
8644,"I, Robot",Action|Adventure|Sci-Fi|Thriller
8665,The Bourne Supremacy,Action|Crime|Thriller
8783,The Village,Drama|Mystery|Thriller
8784,Garden State,Comedy|Drama|Romance
8798,Collateral,Action|Crime|Drama|Thriller
8807,Harold and Kumar Go to White Castle,Adventure|Comedy
8873,"Motorcycle Diaries, The (Diarios de motocicleta)",Adventure|Drama
8874,Shaun of the Dead,Comedy|Horror
8910,I Heart Huckabees,Comedy
8917,Team America: World Police,Action|Adventure|Animation|Comedy
8949,Sideways,Comedy|Drama|Romance
8950,The Machinist,Drama|Mystery|Thriller
8957,Saw,Horror|Mystery|Thriller
8961,The Incredibles,Action|Adventure|Animation|Children|Comedy
8969,Bridget Jones: The Edge of Reason,Comedy|Drama|Romance
8970,Finding Neverland,Drama
8972,National Treasure,Action|Adventure|Drama|Mystery|Thriller
8983,House of Flying Daggers (Shi mian mai fu),Action|Drama|Romance
8984,Ocean's Twelve,Action|Comedy|Crime|Thriller
27660,The Animatrix,Action|Animation|Drama|Sci-Fi
27706,Lemony Snicket's A Series of Unfortunate Events,Adventure|Children|Comedy|Fantasy
27773,Old Boy,Mystery|Thriller
27904,A Scanner Darkly,Animation|Drama|Mystery|Sci-Fi|Thriller
30707,Million Dollar Baby,Drama
30749,Hotel Rwanda,Drama|War
30793,Charlie and the Chocolate Factory,Adventure|Children|Comedy|Fantasy|IMAX
30810,The Life Aquatic with Steve Zissou,Adventure|Comedy|Fantasy
30812,The Aviator,Drama
30825,Meet the Fockers,Comedy
31410,"Downfall (Untergang, Der)",Drama|War
31658,Howl's Moving Castle (Hauru no ugoku shiro),Adventure|Animation|Fantasy|Romance
31685,Hitch,Comedy|Romance
31696,Constantine,Action|Fantasy|Horror|Thriller
32587,Sin City,Action|Crime|Film-Noir|Mystery|Thriller
33004,The Hitchhiker's Guide to the Galaxy,Adventure|Comedy|Sci-Fi
33166,Crash,Crime|Drama
33493,Star Wars: Episode III - Revenge of the Sith,Action|Adventure|Sci-Fi
33615,Madagascar,Adventure|Animation|Children|Comedy
33679,Mr. & Mrs. Smith,Action|Adventure|Comedy|Romance
33794,Batman Begins,Action|Crime|IMAX
34048,War of the Worlds,Action|Adventure|Sci-Fi|Thriller
34150,Fantastic Four,Action|Adventure|Sci-Fi
34162,Wedding Crashers,Comedy|Romance
34319,The Island,Action|Sci-Fi|Thriller
34405,Serenity,Action|Adventure|Sci-Fi
34437,Broken Flowers,Comedy|Drama
35836,The 40-Year-Old Virgin,Comedy|Romance
36401,The Brothers Grimm,Comedy|Fantasy|Horror|Thriller
36529,Lord of War,Action|Crime|Drama|Thriller|War
37386,Aeon Flux,Action|Sci-Fi
37729,Corpse Bride,Animation|Comedy|Fantasy|Musical|Romance
37733,A History of Violence,Action|Crime|Drama|Thriller
37741,Capote,Crime|Drama
38038,Wallace & Gromit in The Curse of the Were-Rabbit,Adventure|Animation|Children|Comedy
38061,Kiss Kiss Bang Bang,Comedy|Crime|Mystery|Thriller
39183,Brokeback Mountain,Drama|Romance
39292,"Good Night, and Good Luck.",Crime|Drama
40629,Pride & Prejudice,Drama|Romance
40815,Harry Potter and the Goblet of Fire,Adventure|Fantasy|Thriller|IMAX
40819,Walk the Line,Drama|Musical|Romance
41566,"The Chronicles of Narnia: The Lion, the Witch and the Wardrobe",Adventure|Children|Fantasy
41569,King Kong,Action|Adventure|Drama|Fantasy|Thriller
41997,Munich,Action|Crime|Drama|Thriller
44022,Ice Age 2: The Meltdown,Adventure|Animation|Children|Comedy
44191,V for Vendetta,Action|Sci-Fi|Thriller|IMAX
44195,Thank You for Smoking,Comedy|Drama
44199,Inside Man,Crime|Drama|Thriller
44555,"Lives of Others, The (Das leben der Anderen)",Drama|Romance|Thriller
44665,Lucky Number Slevin,Crime|Drama|Mystery
45186,Mission: Impossible III,Action|Adventure|Thriller
45447,The Da Vinci Code,Drama|Mystery|Thriller
45499,X-Men: The Last Stand,Action|Sci-Fi|Thriller
45517,Cars,Animation|Children|Comedy
45672,Click,Adventure|Comedy|Drama|Fantasy|Romance
45720,The Devil Wears Prada,Comedy|Drama
45722,Pirates of the Caribbean: Dead Man's Chest,Action|Adventure|Fantasy
46530,Superman Returns,Action|Adventure|Sci-Fi|IMAX
46578,Little Miss Sunshine,Adventure|Comedy|Drama
46723,Babel,Drama|Thriller
46970,Talladega Nights: The Ballad of Ricky Bobby,Action|Comedy
46972,Night at the Museum,Action|Comedy|Fantasy|IMAX
46976,Stranger than Fiction,Comedy|Drama|Fantasy|Romance
47099,The Pursuit of Happyness,Drama
47610,The Illusionist,Drama|Fantasy|Mystery|Romance
48385,Borat: Cultural Learnings of America for Make Benefit Glorious Nation of Kazakhstan,Comedy
48394,"Pan's Labyrinth (Laberinto del fauno, El)",Drama|Fantasy|Thriller
48516,The Departed,Crime|Drama|Thriller
48738,The Last King of Scotland,Drama|Thriller
48774,Children of Men,Action|Adventure|Drama|Sci-Fi|Thriller
48780,The Prestige,Drama|Mystery|Sci-Fi|Thriller
49272,Casino Royale,Action|Adventure|Thriller
49278,Déjà Vu (Deja Vu),Action|Sci-Fi|Thriller
49286,The Holiday,Comedy|Romance
49530,Blood Diamond,Action|Adventure|Crime|Drama|Thriller|War
50872,Ratatouille,Animation|Children|Drama
51255,Hot Fuzz,Action|Comedy|Crime|Mystery
51540,Zodiac,Crime|Drama|Thriller
51662,300,Action|Fantasy|War|IMAX
51935,Shooter,Action|Drama|Thriller
52281,Grindhouse,Action|Crime|Horror|Sci-Fi|Thriller
52722,Spider-Man 3,Action|Adventure|Sci-Fi|Thriller|IMAX
52973,Knocked Up,Comedy|Drama|Romance
53000,28 Weeks Later,Horror|Sci-Fi|Thriller
53121,Shrek the Third,Adventure|Animation|Children|Comedy|Fantasy
53125,Pirates of the Caribbean: At World's End,Action|Adventure|Comedy|Fantasy
53322,Ocean's Thirteen,Crime|Thriller
53464,Fantastic Four: Rise of the Silver Surfer,Action|Adventure|Sci-Fi
53519,Death Proof,Action|Adventure|Crime|Horror|Thriller
53953,1408,Drama|Horror|Thriller
53972,Live Free or Die Hard,Action|Adventure|Crime|Thriller
53996,Transformers,Action|Sci-Fi|Thriller|IMAX
54001,Harry Potter and the Order of the Phoenix,Adventure|Drama|Fantasy|IMAX
54259,Stardust,Adventure|Comedy|Fantasy|Romance
54272,The Simpsons Movie,Animation|Comedy
54286,The Bourne Ultimatum,Action|Crime|Thriller
54503,Superbad,Comedy
54995,Planet Terror,Action|Horror|Sci-Fi
54997,3:10 to Yuma,Action|Crime|Drama|Western
55247,Into the Wild,Action|Adventure|Drama
55269,The Darjeeling Limited,Adventure|Comedy|Drama
55290,Gone Baby Gone,Crime|Drama|Mystery
55765,American Gangster,Crime|Drama|Thriller
55820,No Country for Old Men,Crime|Drama
56174,I Am Legend,Action|Horror|Sci-Fi|Thriller|IMAX
56367,Juno,Comedy|Drama|Romance
56757,Sweeney Todd: The Demon Barber of Fleet Street,Drama|Horror|Musical|Thriller
56775,National Treasure: Book of Secrets,Action|Adventure
56782,There Will Be Blood,Drama|Western
56949,27 Dresses,Comedy|Romance
57368,Cloverfield,Action|Mystery|Sci-Fi|Thriller
57669,In Bruges,Comedy|Crime|Drama|Thriller
58559,The Dark Knight,Action|Crime|Drama|IMAX
58998,Forgetting Sarah Marshall,Comedy|Romance
59315,Iron Man,Action|Adventure|Sci-Fi
59369,Taken,Action|Crime|Drama|Thriller
59615,Indiana Jones and the Kingdom of the Crystal Skull,Action|Adventure|Comedy|Sci-Fi
59784,Kung Fu Panda,Action|Animation|Children|Comedy|IMAX
60040,The Incredible Hulk,Action|Sci-Fi
60069,WALL·E,Adventure|Animation|Children|Romance|Sci-Fi
60072,Wanted,Action|Thriller
60074,Hancock,Action|Adventure|Comedy|Crime|Fantasy
60684,Watchmen,Action|Drama|Mystery|Sci-Fi|Thriller|IMAX
60756,Step Brothers,Comedy
61024,Pineapple Express,Action|Comedy|Crime
61132,Tropic Thunder,Action|Adventure|Comedy|War
61323,Burn After Reading,Comedy|Crime|Drama
62434,Zack and Miri Make a Porno,Comedy|Drama|Romance
63082,Slumdog Millionaire,Crime|Drama|Romance
63113,Quantum of Solace,Action|Adventure|Thriller
63131,Role Models,Comedy
63992,Twilight,Drama|Fantasy|Romance|Thriller
64614,Gran Torino,Crime|Drama
64839,The Wrestler,Drama
64957,The Curious Case of Benjamin Button,Drama|Fantasy|Mystery|Romance
64969,Yes Man,Comedy
66097,Coraline,Animation|Fantasy|Thriller
66934,Dr. Horrible's Sing-Along Blog,Comedy|Drama|Musical|Sci-Fi
67255,"Girl with the Dragon Tattoo, The (Män som hatar kvinnor)",Crime|Drama|Mystery|Thriller
68157,Inglourious Basterds,Action|Drama|War
68237,Moon,Drama|Mystery|Sci-Fi|Thriller
68319,X-Men Origins: Wolverine,Action|Sci-Fi|Thriller
68358,Star Trek,Action|Adventure|Sci-Fi|IMAX
68954,Up,Adventure|Animation|Children|Drama
69122,The Hangover,Comedy|Crime
69481,The Hurt Locker,Action|Drama|Thriller|War
69526,Transformers: Revenge of the Fallen,Action|Adventure|Sci-Fi|IMAX
69757,(500) Days of Summer,Comedy|Drama|Romance
69844,Harry Potter and the Half-Blood Prince,Adventure|Fantasy|Mystery|Romance|IMAX
70286,District 9,Mystery|Sci-Fi|Thriller
71535,Zombieland,Action|Comedy|Horror
72011,Up in the Air,Drama|Romance
72378,2012,Action|Drama|Sci-Fi|Thriller
72641,The Blind Side,Drama
72998,Avatar,Action|Adventure|Sci-Fi|IMAX
73017,Sherlock Holmes,Action|Crime|Mystery|Thriller
74458,Shutter Island,Drama|Mystery|Thriller
74789,Alice in Wonderland,Adventure|Fantasy|IMAX
76093,How to Train Your Dragon,Adventure|Animation|Children|Fantasy|IMAX
76251,Kick-Ass,Action|Comedy
77561,Iron Man 2,Action|Adventure|Sci-Fi|Thriller|IMAX
78499,Toy Story 3,Adventure|Animation|Children|Comedy|Fantasy|IMAX
79091,Despicable Me,Animation|Children|Comedy|Crime
79132,Inception,Action|Crime|Drama|Mystery|Sci-Fi|Thriller|IMAX
79592,The Other Guys,Action|Comedy
79702,Scott Pilgrim vs. the World,Action|Comedy|Fantasy|Musical|Romance
80463,The Social Network,Drama
80489,The Town,Crime|Drama|Thriller
80549,Easy A,Comedy|Romance
81229,Red,Action|Comedy
81564,Megamind,Action|Animation|Children|Comedy|Sci-Fi|IMAX
81591,Black Swan,Drama|Thriller
81834,Harry Potter and the Deathly Hallows: Part 1,Action|Adventure|Fantasy|IMAX
81845,The King's Speech,Drama
81847,Tangled,Animation|Children|Comedy|Fantasy|Musical|Romance|IMAX
81932,The Fighter,Drama
82459,True Grit,Western
84152,Limitless,Sci-Fi|Thriller
84954,The Adjustment Bureau,Romance|Sci-Fi|Thriller
85414,Source Code,Action|Drama|Mystery|Sci-Fi|Thriller
86332,Thor,Action|Adventure|Drama|Fantasy|IMAX
86833,Bridesmaids,Comedy
86880,Pirates of the Caribbean: On Stranger Tides,Action|Adventure|Fantasy|IMAX
86882,Midnight in Paris,Comedy|Fantasy|Romance
87232,X-Men: First Class,Action|Adventure|Sci-Fi|Thriller|War
87306,Super 8,Mystery|Sci-Fi|Thriller|IMAX
87869,Horrible Bosses,Comedy|Crime
88125,Harry Potter and the Deathly Hallows: Part 2,Action|Adventure|Drama|Fantasy|Mystery|IMAX
88129,Drive,Crime|Drama|Film-Noir|Thriller
88140,Captain America: The First Avenger,Action|Adventure|Sci-Fi|Thriller|War
88163,"Crazy, Stupid, Love.",Comedy|Drama|Romance
88405,Friends with Benefits,Comedy|Romance
88744,Rise of the Planet of the Apes,Action|Drama|Sci-Fi|Thriller
88810,The Help,Drama
89492,Moneyball,Drama
89745,The Avengers,Action|Adventure|Sci-Fi|IMAX
91500,The Hunger Games,Action|Adventure|Drama|Sci-Fi|Thriller
91529,The Dark Knight Rises,Action|Adventure|Crime|IMAX
91542,Sherlock Holmes: A Game of Shadows,Action|Adventure|Comedy|Crime|Mystery|Thriller
91630,Mission: Impossible - Ghost Protocol,Action|Adventure|Thriller|IMAX
91658,The Girl with the Dragon Tattoo,Drama|Thriller
92259,Intouchables,Comedy|Drama
93510,21 Jump Street,Action|Comedy|Crime
93840,The Cabin in the Woods,Comedy|Horror|Sci-Fi|Thriller
94864,Prometheus,Action|Horror|Sci-Fi|IMAX
94959,Moonrise Kingdom,Comedy|Drama|Romance
95167,Brave,Action|Adventure|Animation|Children
95441,Ted,Comedy|Fantasy
95510,The Amazing Spider-Man,Action|Adventure|Sci-Fi|IMAX
96079,Skyfall,Action|Adventure|Thriller|IMAX
96588,Pitch Perfect,Comedy|Musical
96610,Looper,Action|Crime|Sci-Fi
96821,The Perks of Being a Wallflower,Drama|Romance
97304,Argo,Drama|Thriller
97913,Wreck-It Ralph,Animation|Comedy
97921,Silver Linings Playbook,Comedy|Drama
97938,Life of Pi,Adventure|Drama|IMAX
98809,The Hobbit: An Unexpected Journey,Adventure|Fantasy|IMAX
99114,Django Unchained,Action|Drama|Western
101864,Oblivion,Action|Adventure|Sci-Fi|IMAX
102125,Iron Man 3,Action|Sci-Fi|Thriller|IMAX
102407,The Great Gatsby,Drama
102445,Star Trek Into Darkness,Action|Adventure|Sci-Fi|IMAX
102903,Now You See Me,Crime|Mystery|Thriller
103042,Man of Steel,Action|Adventure|Fantasy|Sci-Fi|IMAX
104211,We're the Millers,Comedy|Crime
104841,Gravity,Action|Sci-Fi|IMAX
105504,Captain Phillips,Adventure|Drama|Thriller|IMAX
106072,Thor: The Dark World,Action|Adventure|Fantasy|IMAX
106487,The Hunger Games: Catching Fire,Action|Adventure|Sci-Fi|IMAX
106489,The Hobbit: The Desolation of Smaug,Adventure|Fantasy|IMAX
106696,Frozen,Adventure|Animation|Comedy|Fantasy|Musical|Romance
106782,The Wolf of Wall Street,Comedy|Crime|Drama
106918,The Secret Life of Walter Mitty,Adventure|Comedy|Drama
106920,Her,Drama|Romance|Sci-Fi
107406,Snowpiercer,Action|Drama|Sci-Fi
108932,The Lego Movie,Action|Adventure|Animation|Children|Comedy|Fantasy
109374,The Grand Budapest Hotel,Comedy|Drama
109487,Interstellar,Sci-Fi|IMAX
110102,Captain America: The Winter Soldier,Action|Adventure|Sci-Fi|IMAX
111362,X-Men: Days of Future Past,Action|Adventure|Sci-Fi
111759,Edge of Tomorrow,Action|Sci-Fi|IMAX
112183,Birdman: Or (The Unexpected Virtue of Ignorance),Comedy|Drama
112552,Whiplash,Drama
112556,Gone Girl,Drama|Thriller
112852,Guardians of the Galaxy,Action|Adventure|Sci-Fi
115149,John Wick,Action|Thriller
115617,Big Hero 6,Action|Animation|Comedy
115713,Ex Machina,Drama|Sci-Fi|Thriller
116797,The Imitation Game,Drama|Thriller|War
116823,The Hunger Games: Mockingjay - Part 1,Adventure|Sci-Fi|Thriller
117529,Jurassic World,Action|Adventure|Drama|Sci-Fi|Thriller
119145,Kingsman: The Secret Service,Action|Adventure|Comedy|Crime
122882,Mad Max: Fury Road,Action|Adventure|Sci-Fi|Thriller
122886,Star Wars: Episode VII - The Force Awakens,Action|Adventure|Fantasy|Sci-Fi|IMAX
122892,Avengers: Age of Ultron,Action|Adventure|Sci-Fi
122900,Ant-Man,Action|Adventure|Sci-Fi
122904,Deadpool,Action|Adventure|Comedy|Sci-Fi
122916,Thor: Ragnarok,Action|Adventure|Sci-Fi
122918,Guardians of the Galaxy 2,Action|Adventure|Sci-Fi
122920,Captain America: Civil War,Action|Sci-Fi|Thriller
122922,Doctor Strange,Action|Adventure|Sci-Fi
134130,The Martian,Adventure|Drama|Sci-Fi
134853,Inside Out,Adventure|Animation|Children|Comedy|Drama|Fantasy
139385,The Revenant,Adventure|Drama
148626,The Big Short,Drama
152081,Zootopia,Action|Adventure|Animation|Children|Comedy
164179,Arrival,Sci-Fi
166528,Rogue One: A Star Wars Story,Action|Adventure|Fantasy|Sci-Fi
168252,Logan,Action|Sci-Fi
